{
    "users": [
        {
            "name" : "admin",
            "email" : "admin@example.com",
            "gravatar_email": "rochacbruno+quokka@gmail.com",
            "password" : "admin",
            "roles" : [ "admin" ],
            "bio": "Quokka Example Admin",
            "tagline": "Quokka is the best CMS!",
            "links": [
                {
                    "title" : "facebook",
                    "link" : "http://facebook.com/quokkaproject",
                    "icon" : "facebook",
                    "css_class" : "facebook",
                    "order" : 0
                },
                {
                    "title" : "github",
                    "link" : "http://github.com/quokkaproject",
                    "icon" : "github",
                    "css_class" : "github",
                    "order" : 0
                },
                {
                    "title" : "twitter",
                    "link" : "http://twitter.com/quokkaproject",
                    "icon" : "twitter",
                    "css_class" : "twitter",
                    "order" : 0
                }
            ]
        },
        {
            "name" : "author",
            "email" : "author@example.com",
            "gravatar_email": "rochacbruno+quokka@gmail.com",
            "password" : "author",
            "roles" : [ "author" ],
            "bio": "Quokka Example Author",
            "tagline": "It is nice to write in Quokka CMS!",
            "links": [
                {
                    "title" : "facebook",
                    "link" : "http://facebook.com/quokkaproject",
                    "icon" : "facebook",
                    "css_class" : "facebook",
                    "order" : 0
                },
                {
                    "title" : "github",
                    "link" : "http://github.com/quokkaproject",
                    "icon" : "github",
                    "css_class" : "github",
                    "order" : 0
                },
                {
                    "title" : "twitter",
                    "link" : "http://twitter.com/quokkaproject",
                    "icon" : "twitter",
                    "css_class" : "twitter",
                    "order" : 0
                }
            ]
        }
    ],
    "configs": [
        {
            "group": "site",
            "description": "Preferences for website",
            "values": [
               {
                   "name": "site_name",
                   "rawvalue": "Quokka website",
                   "formatter": "text"
               },
               {
                   "name": "site_keywords",
                   "rawvalue": "cms,quokka,flask,mongo,python",
                   "formatter": "text"
               },
               {
                   "name": "site_description",
                   "rawvalue": "The Happiest CMS in the World",
                   "formatter": "text"
               },
               {
                   "name": "site_tagline",
                   "rawvalue": "The Happiest CMS in the World",
                   "formatter": "text"
               },
               {
                   "name": "site_author",
                   "rawvalue": "Bruno Rocha",
                   "formatter": "text"
               },
               {
                   "name": "site_logo",
                   "rawvalue": "/static/img/logo_white.png",
                   "formatter": "text"
               },
               {
                   "name": "google-analytics",
                   "rawvalue": "UA-65278590-1",
                   "formatter": "text"
               },
               {
                   "name": "menu_items",
                   "rawvalue":"[[\"Quokka CMS\", \"http://www.quokkaproject.org\"], [\"Slack Chat\", \"https://quokkaslack.herokuapp.com/\"]]",
                   "formatter": "json"
               },
               {
                   "name": "social_items",
                   "rawvalue":"[[\"github\", \"http://github.com/quokkaproject\"], [\"twitter\", \"https://twitter.com/quokkaproject/\"]]",
                   "formatter": "json"
               }
            ]
        },
        {
            "group": "comments",
            "description": "Comment system can be: internal or disqus requires_login: 0 or 1",
            "values": [
               {
                   "name": "system",
                   "rawvalue": "disqus",
                   "formatter": "text"
               },
               {
                   "name": "custom_script",
                   "rawvalue": "",
                   "formatter": "text"
               },
               {
                   "name": "disqus_shortname",
                   "rawvalue": "quokkaexample",
                   "formatter": "text"
               },
               {
                   "name": "requires_login",
                   "rawvalue": "0",
                   "formatter": "int"
               }
            ]
        },
        {
            "group": "channels",
            "description": "Global preferences for channels",
            "values": [
               {
                   "name": "default_channel_type",
                   "rawvalue": "list",
                   "formatter": "text"
               },
               {
                   "name": "global_content_filters",
                   "rawvalue": "{\"model__not__startswith\": \"media.\"}",
                   "formatter": "json"
               }
            ]
        },
        {
            "group": "settings",
            "description": "App settings override CAUTION!!!",
            "values": [
               {
                   "name": "EXAMPLE",
                   "rawvalue": "this_overwrite_the_value_in_settings",
                   "formatter": "text"
               }
            ]
        }
    ],
    "channel_types": [
        {
            "title": "list",
            "identifier": "list",
            "template_suffix": "default"
        },
        {
            "title": "blog",
            "identifier": "blog",
            "template_suffix": "blog"
        },
        {
            "title": "grid",
            "identifier": "grid",
            "template_suffix": "grid"
        },
        {
            "title": "portal",
            "identifier": "portal",
            "template_suffix": "portal"
        }
    ],
    "base_channels": [
        {
            "title": "Home",
            "slug": "home",
            "description": "Home page",
            "show_in_menu": false,
            "is_homepage": true,
            "include_in_rss": true,
            "published": true,
            "indexable": true,
            "order": 0,
            "channel_type": "list",
            "content_filters": { "model__not__startswith": "media." },
            "canonical_url": "/",
            "per_page": 4
        },
        {
            "title": "Media",
            "slug": "media",
            "description": "Multi Media",
            "show_in_menu": false,
            "is_homepage": false,
            "include_in_rss": false,
            "published": true,
            "channel_type": "grid",
            "canonical_url": "/media",
            "order": 4,
            "childs": [
               {
                   "title": "Images",
                   "slug": "images",
                   "description": "Images channel",
                   "include_in_rss": false,
                   "show_in_menu": false,
                   "published": true,
                   "channel_type": "grid",
                   "is_homepage": false,
                   "canonical_url": "/media/images",
                   "indexable": true,
                   "order": 4
               },
               {
                   "title": "Videos",
                   "slug": "videos",
                   "description": "Videos channel",
                   "include_in_rss": false,
                   "show_in_menu": false,
                   "published": true,
                   "channel_type": "grid",
                   "is_homepage": false,
                   "canonical_url": "/media/videos",
                   "indexable": true,
                   "order": 4
               },
               {
                   "title": "Audios",
                   "slug": "audios",
                   "description": "Audios channel",
                   "include_in_rss": false,
                   "show_in_menu": false,
                   "published": true,
                   "channel_type": "grid",
                   "is_homepage": false,
                   "canonical_url": "/media/audios",
                   "indexable": true,
                   "order": 4
               },
               {
                   "title": "Files",
                   "slug": "files",
                   "description": "Files channel",
                   "include_in_rss": false,
                   "show_in_menu": false,
                   "published": true,
                   "channel_type": "grid",
                   "is_homepage": false,
                   "canonical_url": "/media/files",
                   "indexable": true,
                   "order": 4
               },
               {
                   "title": "Galleries",
                   "slug": "galleries",
                   "description": "Galleries channel",
                   "include_in_rss": false,
                   "show_in_menu": false,
                   "published": true,
                   "channel_type": "grid",
                   "is_homepage": false,
                   "canonical_url": "/media/galleries",
                   "indexable": true,
                   "order": 4
               }
            ]
        }
    ],
    "channels": [
        {
            "title": "Articles",
            "slug": "articles",
            "description": "My articles",
            "show_in_menu": true,
            "is_homepage": false,
            "published": true,
            "order": 1,
            "channel_type": "list",
            "childs": [
               {
                   "title": "Technology",
                   "slug": "technology",
                   "description": "Technology Articles",
                   "show_in_menu": true,
                   "is_homepage": false,
                   "published": true,
                   "channel_type": "grid",
                   "childs": [
                       {
                           "title": "Mobile",
                           "slug": "mobile",
                           "description": "Technology Mobile Articles",
                           "show_in_menu": true,
                           "is_homepage": false,
                           "channel_type": "list",
                           "published": true
                       },
                       {
                           "title": "Programming",
                           "slug": "programming",
                           "description": "Programming Articles",
                           "show_in_menu": true,
                           "is_homepage": false,
                           "channel_type": "list",
                           "published": true
                       }
                   ]
               },
               {
                   "title": "Science",
                   "slug": "science",
                   "description": "Science articles",
                   "show_in_menu": true,
                   "is_homepage": false,
                   "channel_type": "list",
                   "published": true,
                   "order": 2
               }
            ]
        },
        {
            "title": "Blog",
            "slug": "blog",
            "description": "Blog posts",
            "show_in_menu": true,
            "is_homepage": false,
            "channel_type": "blog",
            "published": true,
            "order": 3
        }
    ],
    "purposes": [
        {
            "title": "General",
            "identifier": "general",
            "module": "Content"
        },
        {
            "title": "Related",
            "identifier": "related",
            "module": "Content"
        },
        {
            "title": "Main Image",
            "identifier": "mainimage",
            "module": "Media"
        },
        {
            "title": "Image",
            "identifier": "image",
            "module": "Media"
        },
        {
            "title": "Video",
            "identifier": "video",
            "module": "Media"
        },
        {
            "title": "Audio",
            "identifier": "audio",
            "module": "Media"
        },
        {
            "title": "Attachment",
            "identifier": "attachment",
            "module": "Media"
        },
        {
            "title": "Link",
            "identifier": "link",
            "module": "Content"
        }
    ],
    "posts": [
        {
            "title": "Python Reaches New Levels of Quality",
            "slug": "python-reaches-new-level-of-quality",
            "summary": "Python Surpasses Standards, Reaches New Levels of Quality",
            "channel": "programming",
            "related_channels": ["blog"],
            "tags": [ "quality", "python", "coverity" ],
            "license" : {
                "title" : "Creative Commons",
                "link" : "http://creativecommons.com",
                "identifier" : "creative_commons_by_nc_nd"
            },
            "content_format": "html",
            "body": "<p>Throughout Python's 20-plus year history, its quality has been in the hands of the volunteers around the world openly contributing to it. Thanks to Coverity, those volunteers have been pointed to many quality and security issues via Coverity Scan, a service which finds defects in C/C++ and Java projects at no cost.</p> <p> As the CPython project includes over 370,000 lines of C code*, accounting for 42% of the codebase, a lot of it lies outside of the analysis tools our community has created to work with Python code. Since 2006, Coverity's scans of that code have found nearly 1,000 defects, 860 of which our contributors have fixed.</p> <p> In an industry where the standard defect density is a rate of 1 per 1,000 lines of code, CPython has attained a rate of 0.005 defects per 1,000 lines, and \"introduces a new level of quality for open source software,\" said Coverity.</p> <p> \"Python is the model citizen of good code quality practices, and we applaud their contributors and maintainers for their commitment to quality,\" said Jennifer Johnson, chief marketing officer for Coverity.</p> <p> The PSF and the rest of the community join Coverity in applauding all of those who have contributed their time and effort to make CPython a better project, along with the countless others who contribute to a powerful landscape of Python interpreters.</p>"
        },
        {
            "title": "Small Acts Make Great Revolutions",
            "slug": "small-acts-make-great-revolutions",
            "summary": "We are discovering better ways of building communities by connecting people.",
            "channel": "mobile",
            "related_channels": ["blog"],
            "tags": [ "mobile", "acts", "smallacts" ],
            "license" : {
                "title" : "Creative Commons",
                "link" : "http://creativecommons.com",
                "identifier" : "creative_commons_by_nc_nd"
            },
            "content_format": "html",
            "body": "<div><p>We are discovering better ways of building communities by connecting people.</p><p>Through this endeavor we have come to value:</p><ul><li><strong>Trust</strong> - which must be respected and never put at risk;</li><li><strong>Dialog</strong> - is the way to establish a truly trustful relationship;</li><li><strong>Personal Contact</strong> - the richest experience, not matched by any media or technology;</li><li><strong>Transparency</strong> - the mean to maintain a sustainable community;</li><li><strong>Diversity</strong> - people have many interests, but if you need a label, label yourself as a human;</li><li><strong>Self-organization</strong> - leaders come and go, but there should be no owners;</li> <li><strong>Example</strong> - that's how you teach, live and learn;</li> <li><strong>Consistency</strong> - things take time, intensity is not always the answer;</li><li><strong>Give, give, give!</strong> - you'll be impressed by how fast things will come back;</li><li><strong>Do it!</strong> - as simple as you can, just what is essential to pass it forward.</li></ul><p>Together, these elements build the foundation of a <em>Small Act</em> capable of transforming people's lives.</p></div>"
        },
        {
            "title": "Welcome to Quokka CMS",
            "slug": "welcome-to-quokka-cms",
            "summary": "Quokka is a flexible content management platform powered by Python, Flask and MongoDB.",
            "channel": "home",
            "tags": [ "quokka", "python", "flask" ],
            "license" : {
                "title" : "Creative Commons",
                "link" : "http://creativecommons.com",
                "identifier" : "creative_commons_by_nc_nd"
            },
            "content_format": "html",
            "body": "<p>Quokka provides a \"full-stack\" Flask application plus a bunch of selected extensions to provide all the needed CMS admin features and a flexible-easy way to extend the platform with <strong>quokka-modules</strong> built following the Flask <strong>Blueprints</strong> pattern.</p> <p align=\"center\"><a href=\"https://raw.github.com/pythonhub/quokka/master/docs/logo.png\" target=\"_blank\"><img src=\"https://raw.github.com/pythonhub/quokka/master/docs/logo.png\" alt=\"quokka cms\" style=\"max-width:100%;\"></a></p>"
        },
        {
            "title": "Blog Post written in markdown",
            "slug": "blog-post-written-in-markdown",
            "summary": "A post in the blog using markdown content.",
            "channel": "blog",
            "tags": [ "blog" ],
            "body": "# this is a blog post",
            "license" : {
                "title" : "Creative Commons",
                "link" : "http://creativecommons.com",
                "identifier" : "creative_commons_by_nc_nd"
            },
            "content_format": "markdown"
        },
        {
            "title" : "Why is Flask a good web framework choice?",
            "summary" : "Flask is easy to get started with as a beginner because there is little boilerplate code for getting a simple app up and running.",
            "slug" : "why-is-flask-a-good-web-framework-choice",
            "channel": "programming",
            "tags": [ "python", "flask", "web" ],
            "body" : "Flask is easy to get started with as a beginner because there is little boilerplate code for getting a simple app up and running.\r\n\r\nFor example, here's a valid \"hello world\" web application with Flask:\r\n\r\n    from flask import Flask\r\n    app = Flask(__name__)\r\n    \r\n    @app.route('/')\r\n    def hello_world():\r\n        return 'Hello World!'\r\n    \r\n    if __name__ == '__main__':\r\n        app.run()\r\n\t\r\n\t",
            "license" : {
                "title" : "Creative Commons",
                "link" : "http://creativecommons.com",
                "identifier" : "creative_commons_by_nc_nd"
            },
            "content_format": "markdown"
        },
        {
            "title" : "Try Quokka CMS! write a post.",
            "summary" : "Use default credentials to access /admin \r\nuser: admin@example.com\r\npass: admin",
            "slug" : "try-quokka-cms",
            "channel": "blog",
            "tags": [ "quokka" ],
            "body" : "## You can try Quokka ADMIN\r\n\r\nCreate some posts\r\n\r\n> Use default credentials to access [/admin](/admin) \r\n\r\n- user: admin@example.com\r\n- password: admin",
            "license" : {
                "title" : "Creative Commons",
                "link" : "http://creativecommons.com",
                "identifier" : "creative_commons_by_nc_nd"
            },
            "content_format": "markdown"
        }
    ]
}
